关键词,微博内容,微博地址
生态,【#半月谈评论# 侮辱诽谤者被判刑：网络“喷子”当自省】#江歌母亲诉谭斌侮辱诽谤案二审宣判# #网络信息内容生态治理#网络并非法外之地，肆意侮辱他人的网络“喷子”必然受到法律的严惩。近年来，多起在网络侮辱他人的案件被查处，警方的作为向世人昭示“在网络上，没有人知道你是一条狗”早已是过去的概念。当然，让肆意妄为的网络“喷子”们无处遁形，尚需要社会共同发力。政府应重点关注网络生态问题，建立健全网络综合治理体系，完善相关法律法规，细化网络监管条例。监管部门要将规范落实到位，对违法行为重拳出击，还社会一片清朗的网络空间。更重要的是，网民应加强社会自律，对自己言行负责。须知，没有界限的自由并非真正的自由。网络生态亦有法可依，有章可循，在规则下提出自己的看法，不伤害他人，才是一个文明人在网络上的作为。希望在网络的世界里，我们都能做一个善良的人。 O侮辱诽谤者被判刑：网络“喷子”当自省 收起全文d,https://weibo.com/2318265821/JrJUosepy?refer_flag=1001030103_
生态,#未来5年中国的样子#【未来中国将在12个方面发力】创新、三农、文化、生态、强军、国家安全…十九届五中全会提出了到2035年基本实现社会主义现代化远景目标，以及“十四五”时期经济社会发展主要目标，并提出了实现这些目标的12方面具体举措。#聚焦党的十九届五中全会# 详戳→（人民网时政频道）O未来，中国将在这12个方面发力 收起全文d,https://weibo.com/2286908003/Jrt7fo60I?refer_flag=1001030103_
生态,最近的脑洞，画一画各种羽蛇，顺带写点生态,https://weibo.com/1791599233/JrzxobZEf?refer_flag=1001030103_
生态,看看波卡生态做的热火朝天，波卡背后的团队和web3基金会对生态各个项目的支持力度，BM你就不脸红吗？【BM：EOS可以整合为平行链】针对刚刚BM询问网友选择波卡而非EOS的原因，网友FrancoMocke称，Polkadot有平行链（parachain）的概念，EOS的问题在于所有衍生品都是完全独立的。BM对此回复称，我的理解是EOS可以整合为平行链。#比特币# 波卡 #区块链# 收起全文d,https://weibo.com/2493693514/JrN0ifqtH?refer_flag=1001030103_
生态,全面建成小康社会“百城千县万村调研行”丨以绿为底，勾描美丽“钱景”——天津北辰走好生态富民路 O全面建成小康社会“百城千县万村调研行”丨以绿为底，勾描美丽“钱景”——天津北辰走好生态富民路,https://weibo.com/6387480100/JrMZT42Cs?refer_flag=1001030103_
生态,从来不追购物节的小梁，这次决定熬夜了，买了三瓶黑胡椒酱，买了三个拖把，还没告诉妈妈拿快递，自己生活才知道衣食住行都需要点点滴滴，看直播给家里买了套定制的沙发垫子🛋️，幸亏我还记得家里的沙发尺寸寄到高碑店让奶奶换上，给🐶多多买了两件衣服寄到姑姑家，给爸爸妈妈买了很多东西，生态城最近看图真的好漂亮，🍁🍁要不是最近要赶课程进度还有很重要的事情一定周末回家住两天，唯独自己没决定买啥，不行了，希思黎，卡拉泡泡，小白瓶🐛摆脱妈妈赠送的后套盒，决定用日系护肤品了，一会一定要抢到，看了一个小众双肩，等等还有半个小时，我就有新的小书包背了，囤了很多眼镜和护理液，今天必须还要给阿俊贡献一下人气👗，对了，有一款情侣卫衣真好看，看看算了，两件买才合算，从来都是有需要才买的小梁这次要囤一点东西了，不过还是保持着理性消费我真是太恋家了，可怎么办呀 收起全文d,https://weibo.com/6609062389/JrMZr4atv?refer_flag=1001030103_
生态,#天津中新生态城辰和园# 今天上午去收房，大体一看没什么问题，可能之前在群里看了太多的负面消息，自己做了心理建设，要求低了就能好些，我和老公算是满意的。下午再去新房，发现这地漏一碰就掉了，然后露出一堆沙土，完全没水泥。报修，物业让找开发商，一小工头来看了一下，说修，我们等到天黑也没来人，拖到明天，哎！ 收起全文d,https://weibo.com/1694744661/JrMZptOdm?refer_flag=1001030103_
生态,三分钟热度的我又来啦，今天真的很有意义。首先，长大后参加的第一次婚礼献给阿蛋，叔叔手挽着阿蛋要把她交给新郎之前的场面真的让人有点热泪盈眶（蓄了这么久的水到底还是得泼出去）。然后，第一次帮小蝌蚪找到爸爸很有意义哎，助人真的可以为乐。然后，S姐的人生态度真的很值得学习哎，这么幽默的小姐姐谁不喜欢嘻嘻嘻。最后，boss真的很有心哎，想像汪国真那样热爱生命！Ps：两天前还是病恹恹的大pa蟹，今天是生活的龙虎，有起有落才能谱写美妙的旋律，才是人生。为什么我遇到的人都好棒，感恩。 收起全文d,https://weibo.com/2469304674/JrMZbiQKN?refer_flag=1001030103_
生态,【#澳大利亚科学家发现500米高珊瑚礁#】近年来，澳大利亚大堡礁一直面临生态危机，不过澳大利亚科学家近日公布了一个好消息，他们在东北海岸发现了一座高约500米的珊瑚礁，是当地120多年来首次发现这种规模的独立珊瑚礁，并且仍在健康的生态系统中蓬勃生长。科学家将对其展开进一步研究。 L央视网的微博视频 收起全文d,https://weibo.com/2557736524/JrMZ9AOao?refer_flag=1001030103_
生态,#陇华藏燕麦#生长在平均海拔2800米以上的青藏高原冻土层，采用人工播种、除草、收割，零污染、零农药、零化肥的方式。因在充足的阳光照射和雨水浇灌下自由生长，黏性膳食纤维和蛋白质含量高，脂肪含量低，天然原生态，老少皆宜的养生食品。#陇华藏燕麦源自青藏高原# L博爱兰州的微博视频 #理想生活季# 收起全文d,https://weibo.com/5354282343/JrMZ9gYo4?refer_flag=1001030103_
生态,#环环夜查##夜鹰行动# 31日晚，市生态环境局二级调研员徐敬清带领大气科同志到开发区对幼儿园国控站点数据进行分析，查看幼儿园站点周边管控情况。并到开发区鲁光化工、远博化工、山重建机进行夜查 ，督促指导企业做好应急减排措施。,https://weibo.com/3600956903/JrMYWxoAO?refer_flag=1001030103_
生态,总统和参议员的间接选举变成了直接选举，传统由精英控制的组织如政党、工会、教会在衰落，大众传媒体和新媒体技术改变政治生态，也使民众能够广泛深入地直接介入政治生活，加上民众参与意识的持续成长，传统的精英主导型的政治参与已经转变为挑战精英型的政治参与。精英对民众的制约与平衡机制被破坏了,https://weibo.com/1726274033/JrMYG1S8M?refer_flag=1001030103_
生态,【生态环境部公布11月上半月全国空气质量预报会商结果】,https://weibo.com/6387480100/JrMYzf5oK?refer_flag=1001030103_
生态,喻言 yy#喻言你有我们#喻言这个原生态狮子头差点没把我笑死“我不要面子的 你们开心就好”@THE9-喻言 L多肉车厘全糖飞冰的微博视频,https://weibo.com/1715876645/JrMTvroDx?refer_flag=1001030103_
生态,#Uzi什么时候复出#TheShy改变了lpl上单的对线生态乌兹刚退役一年lpl的ad就不会对线了他大概是被网暴最多的职业选手了还复出个锤子在国外选手解说眼中最强的ad在我们这就是洗澡狗捡灯笼坠机罢了复出个锤子,https://weibo.com/6131227209/JrMYpw8A5?refer_flag=1001030103_
生态,华为这次新品的新品发布会太赞了！除了#华为Mate40#的惊艳登场，还有一个全新升级的功能我i了。是的，就是“查找设备”。华为的生态做的越来越好，耳机等其他设备很多人也会配套入手。现在查找设备还支持耳机等的查找，也有一份安心的保障，丢了还有可以找回来！真的很适合丢三落四星人了。#跃见美好#,https://weibo.com/5080254898/JrClwl7nI?refer_flag=1001030103_
生态,【绿水青山也能“定价”？GEP了解一下！】GEP(生态系统生产总值)不仅关系到咱的钱袋子，还与生态环境息息相关。要让GEP核算进规划、入考核，以GEP核算为依据，指导各地编制好“十四五”区域绿色发展战略规划，还要让GEP核算进决策、入项目，把其引入到生态优先、绿色发展的政策体系中↓ L经济日报的微博视频 @经济日报 收起全文d,https://weibo.com/3354394424/JrJMcwgN1?refer_flag=1001030103_
生态,今日关注 | 福建省领导赴永安、福鼎督导生态环保问题整改工作 O今日关注 | 福建省领导赴永安、福鼎督导生态环保问题整改工作,https://weibo.com/1908455363/JrMXVksyA?refer_flag=1001030103_
生态,#河北隆尧波斯菊花海#【河北隆尧：#波斯菊花海#惹人醉】在河北省隆尧县柏人城遗址周围，成片的波斯菊竞相绽放，令人赏心悦目，当地居民纷纷前来赏菊闻花香。柏人古城距今已有2600多年的历史，为传承历史文化，改善生态环境，隆尧县沿古城墙栽植了银杏、雪松等树木，并打造了2.8公里的花海景观。如今，古城花海已成为当地居民休闲出游的好去处。 L新华网的微博视频 收起全文d,https://weibo.com/2810373291/JrLvTvTh3?refer_flag=1001030103_
生态,【环评有多重要？点击动漫视频给你答案（广东生态环境）】 L生态环境部的微博视频,https://weibo.com/6059162597/JrLatgIMB?refer_flag=1001030103_
生态,2020—10—31  水利厅第一个漫画，悲观乐观瓶子怎么看？第二个：调研题，考的是黄河流域生态保护，然后你怎么做好调研工作？第三题：有三个领导，他们各自的缺点有点不同，你最不认可哪一个？然后假如说你跟他从事，你会怎么做好工作？  2天津·天津医科大学,https://weibo.com/2455862972/JrMXC72A8?refer_flag=1001030103_
生态,#寻找福州美# 这座城，天蓝水碧、空气清新，彰显生态之美；这座城，书香隽永、崇德向善，彰显人文之美——这里是螺洲古镇，帝师之乡。@福州生态环境 2福州·螺洲古镇,https://weibo.com/3130736477/JrMXqzn38?refer_flag=1001030103_
生态,在纪念抗美援朝70周年时刻成功给广大网友添堵知道上海在疫情期间保证就是全力保证今年总决赛的进行垃圾以后得联盟越来越差生态好不了自己看看，看比赛的有几个玩的人们终将老去生活会让他知道游戏都是lj浪费你们的天赋吧完犊子玩意,https://weibo.com/5630639720/JrMXmcWih?refer_flag=1001030103_
生态系,#传递环保正能量# 你知道吗？每年有超过800万吨的塑料最终进入海洋，黄海渤海生态区是全球200佳生态区之一。欢迎@陈学冬 加入WWF公民科学家队伍，作为首位“WWF名人公民科学家”一起呼吁保护海洋#生物多样性# 。请与我们共同减少使用“一次性”塑料制品，关注可持续时尚，爱护黄渤海区域的生态系统！LWWF世界自然基金会的微博视频 收起全文d,https://weibo.com/5346243842/JqewrcCBF?refer_flag=1001030103_
生态系,地球的三分之一被森林覆盖。它们或干燥或潮湿，或温暖或寒冷，或稠密或稀疏 ，但是所有森林都有两个共同点 👇🔸它们由树木组成，以树木为主 🌳🌳🌳🔸它们对于地球上的生命至关重要 🌏🌏🌏加入#为生命呐喊#线上虚拟旅程👉O网页链接了解世界上三大独特的森林生态系统：印度尼西亚的勒塞尔森林(Leuser Forest)，泰国和缅甸的克耶-克伦森林(Kayah-Karen)，以及南美洲的格兰查科森林(Gran Chaco)。一起来吧！具体请戳👉O走进森林 收起全文d,https://weibo.com/1821907411/JrqWjarLY?refer_flag=1001030103_
生态系,图纸分享 | 阿尔贝托·龙切利| REGENERA –溶解摩天大楼该项目位于被烧毁的生态系统中心，旨在通过风传播养分和种子，并为鸟类和小型动物提供临时庇护所。从烧毁的森林到全面恢复，摩天大楼将在所有阶段都伴随着其生态系统。Regera可以通过自身结构的侵蚀，进而通过其自身的瓦解而转变并传播到生态系统中。 收起全文d,https://weibo.com/6065952107/JkxT8yKcT?refer_flag=1001030103_
生态系,目前的金融科技业务和传统银行没什么本质区别。在我国几家BigTech公司的金融业务中，最赚钱的是消费信贷业务，本质上也是吃利差模式。有人批评银行贷款是当铺思维，但从事金融服务的BigTech公司与银行贷款一样，在实际放贷中也使用担保品。据市场专业人士分析，BigTech公司是基于其平台的生态系统服务的，放款的担保品至少有三种：一是现金担保。电商平台商户的账上都有现金，也可以存放在余额宝等理财类账户。如果商户借钱不还，可以从账上直接扣除现金。二是应收账款担保。电商商户并不是立刻收到货款的，而是有7天应收账款的间隔，这些应收账款实际上也是一种担保。三是价值不菲的“摊位费”担保。商家在电商平台上开店要付很多钱，付很多名目的钱。卖家保证金在1-15万元，技术服务年费为3万元、6万元不等，天猫佣金比例3%-5%，天猫国际5%-8%。摊位是花钱买来了，如果欠账不还，可以取消，因此也是一种担保品。这些担保措施帮助BigTech公司控制消费信贷的风险，不能归功于大数据风控。从国际经验来看，在贷款业务中使用担保品是正常的，关键是使用什么担保品。实践中，我国银行更多地使用了不动产担保品，而国际上更多地使用动产担保品，这是有显著差异的。为支持中小企业发展，应促进动产登记基础设施的建设和发展，金融体系也应该更多地使用动产担保支持小微企业。 收起全文d,https://weibo.com/2301337304/JrMBFE4oG?refer_flag=1001030103_
生态系,【#欧亚水獭时隔十年再度现身深圳#专家在现场还捡到了宝】10月25日凌晨，广东省深圳市福田红树林生态公园红外相机成功记录到国家二级保护动物欧亚水獭的活动影像，早前深圳关于该物种的观察记录至少要追溯到10年前。水獭是淡水生态系统的顶级捕食者，因其对栖息地破坏和污染十分敏感，被视为淡水生态系统的指示物种和旗舰物种。监测团队表示，水獭的存在意味着该区域湿地生态系统完整而健康。据说专家还捡到了水獭留下的“宝”？点击视频一探究竟吧！（光明日报全媒体） L光明日报的微博视频 收起全文d,https://weibo.com/1894371930/JrAUEuM2f?refer_flag=1001030103_
生态系,蚂蚁集团 sh688688 最近，有点发福的马云说了很多“破格”的话，在金融圈捅了“马蜂窝”。 他炮轰传统银行是“当铺思想”；嘲讽巴塞尔协议像一个“老年人俱乐部”，扼杀创新；指出中国金融问题不是系统性风险，而是缺乏金融生态系... 分享自@雪球 O风向变了！官方批马云,https://weibo.com/5628910864/Jrt5Nfycd?refer_flag=1001030103_
生态系,【中国信通院华东分院与华为培训学院发布《5G人才发展新思想白皮书》】10月28日，中国信息通信研究院华东分院(简称中国信通院华东分院)与华为培训学院签订合作备忘录，共同发布《5G人才发展新思想白皮书》。白皮书指出，5G融合AI、大数据等技术，未来将逐渐渗透到行业的生产、运营等内部环节，5G生态系统将朝着去中心化平台发展。同时，白皮书还定义了5G泛行业四个重要职能角色，即创新孵化者、敏捷开发引领者、增强智能运营发起者以及生态编排者，提出5G+泛行业去中心化组织能力框架，包含环境能力、战略定力、结构撑力和运营活力，并对5G时代人才管理提出建议。中国信通院华东分院院长张雪丽表示，未来双方将通过国内外培训等方式，在产业生态、人才培养、行业技能提升、促进行业合作等方面全面开展合作。 收起全文d,https://weibo.com/1746743117/Jrq159QfC?refer_flag=1001030103_
生态系,【海口江东新区生态修复项目计划年底完工】近日，俯瞰完成园林绿化种植的海口江东新区迈雅河区域生态修复项目示范区，一片绿意盎然。目前，该项目累计已完成2.25亿元投资，总施工进度完成77%，计划今年底完工，将高质量建成江东新区的首个滨海生态休闲区。示范区建成后将全面优化提升迈雅河流域生态系统生物多样性，成为海口江东新区重要的城市生态后花园。O海口江东新区生态修复项目计划年底完工 收起全文d,https://weibo.com/5623185245/JrpkvuLbE?refer_flag=1001030103_
生态系,【规划管理】国土空间规划语境下城市边缘区小规模农林用地系统管控作者西南交通大学建筑与设计学院汤西子，重庆大学建筑城规学院、重庆大学山地城镇建设与新技术教育部重点实验室教授、博士生导师邢忠在《规划师》2020年第10期撰文，国土空间规划强调城乡区域用地及资源管理的整体性，注重自然生态系统保护与公众福祉供给。城市边缘区强化城乡联系，保障生态系统维持及服务供给所必需的物质、能量流动，助推空间资源高效管理。受地域及区域特征叠加影响，城市边缘区内存在大量规模小且分布散的农林用地，虽复合服务潜能较高，但由于传统城乡二元规划体例及多部门管控，难以得到有效保护，造成资源蚕食及生态恶化，并反作用于城乡环境。文章在分析国土空间规划管控要点及国内外相关研究的基础上，结合城市边缘区用地分布特征、城乡服务诉求，提出从空间结构强化、单元功能复合及用地管控落地三方面着手，进行高价值小规模农林用地系统性保护，并对接国土空间规划管理。O【规划管理】国土空间规划语境下城市边缘区小规模农林用地系统管控 收起全文d,https://weibo.com/3815752360/JroIWbgo5?refer_flag=1001030103_
生态系,微软将在中国台湾设 Azure 数据中心微软宣布将在中国台湾设置首座 Azure（微软云端运算服务）数据中心、将中国台湾纳入微软全球云端基础架构网路之一。中国台湾已成为微软西雅图之外的、海外最大云端营运研发中心。这也将是微软在中国台湾 31 年以来最大的投资计划。IDC 预估，微软与产业生态系的合作伙伴将投入共约 13 亿美元。 收起全文d,https://weibo.com/6456779567/JrfTG2e0O?refer_flag=1001030103_
生态系,#UCG新闻# Xbox负责人菲尔·斯宾塞接受媒体Gamereactor采访时，再次确认未来微软所有第一方都将登陆PC，而且不仅登陆Xbox商店，也都会登陆Steam，来让更多玩家玩到（我们的）游戏。菲尔·斯宾塞表示：我们衡量自己的标准，是有多少人在玩Xbox，“玩Xbox”并不是指Xbox游戏机，而是登录并游玩我们生态系统的一部分：可能是安卓手机，可能是NS主机，也可能是PC。 收起全文d,https://weibo.com/2419188521/JrhaLpLq8?refer_flag=1001030103_
生态系,【那么多人了？分析师最新估测：#iPhone活跃用户超过10亿#】根据分析公司Above Avalon作出的最新估测， iPhone活跃用户人数已于2020年9月超过10亿。尽管近年来，iPhone的增长速度已经放缓，但苹果每年仍会带来大约2000万至3000万的iPhone新用户，这些用户是通过购买其他苹果设备和服务来深入苹果生态系统。L知视频的微博视频 收起全文d,https://weibo.com/6890756658/JrfZS8mwZ?refer_flag=1001030103_
生态系,#iPhone活跃用户超过10亿#【iPhone活跃用户超过10亿】自第一部iPhone上市以来不到5000天，研究称活跃的iPhone用户数量在2020年9月超过了10亿。近年来，iPhone的增长速度已经放缓，尽管如此，苹果每年仍会带来大约2000万至3000万的iPhone新用户，这些用户是通过购买其他苹果设备和服务来深入苹果生态系统 你现在使用iPhone手机还是安卓手机？ 收起全文d,https://weibo.com/2645371010/JrfmYhJ2j?refer_flag=1001030103_
生态系,【#小兴安岭首次找到东北虎吃熊证据# 】近日，小兴安岭太平沟自然保护区的工作人员发现，此前#配合科研实验的黑熊遭东北虎猎杀#。工作人员沿着熊被拖拽的痕迹，发现了熊虎打斗的现场。动物专家认为，近年来太平沟林区的熊类种群，一直呈现增长趋势，如果能够迎来天敌，适当调节它们的数量，林区生态系统将自我调整到一个新的平衡状态。看↓ L央视新闻的微博视频 收起全文d,https://weibo.com/1700582867/Jra84A1Hk?refer_flag=1001030103_
生态系,【《藝術家》十一月號546期出刊│從藝術反思人與動物關係 專輯】當全球各地正因疫情一波未平一波又起而自顧不暇時，因人為或自然而起的亞馬遜大火在今年持續加劇，災難性地破壞雨林生態系統，所造成生物多樣性的損失最終也將回返影響至人類的生存處境。人做為地球生態系中的一份子，我們與動物相互之間似乎總是處在他者的對立位置，我們對於動物的凝視與想像也隨著時代和社會的推演而不斷改變。11月專輯試圖從視覺藝術領域反思人與動物的關係，思考我們如何看待動物其中的文化脈絡，探看在當代藝術中我們是否能從動物做為他者的存在轉向不同的可能與關懷。賴志婷從動物畫的起源回顧，切入早期自然史博物館的成立背景所反映出的權力展示，闡述人類透過百科全書式的採集工作將動物轉為標本或圖象，收編進入博物館，而近年博物館又如何將所收藏的「藝獸」藉由不同的實踐和技術脫胎幻生。蔣嘉惠介紹巴黎狩獵與自然博物館的成立歷史與特殊定位，該館透過與當代藝術家合作與館藏作品對話，詰問人之於自然和動物的生態反思。曾筱如專訪國立台灣美術館「禽獸不如—2020台灣美術雙年展」策展人姚瑞中，談及本屆展覽以人類為反省對象，該如何跟動物調整彼此間的關係和相處模式。👀《藝術家》546期選購這邊請～～～———————————————➡️藝術家官方網站│O网页链接➡️長期訂閱│O网页链接➡️金石堂│O网页链接➡️博客來│O网页链接 收起全文d,https://weibo.com/3485225551/Jr9rskVds?refer_flag=1001030103_
生态系,我这种黑炭头性格古怪孤僻的人，就找了个肤白貌美性格好的老公，来弥补我的生育价值不足。当然了，有舍才有得。关键是接纳自己的选择。我觉得我老公性格比我好，不过性格再好，遇到我们家那种人际关系和妈宝女，也会有暴走的时候。这两年我好多了，他好像也就好多了。有时候还是觉得家人就像一个生态系统，状态是会彼此影响地。我发现我没那么钻牛角尖了。 收起全文d,https://weibo.com/7291826213/JqHzn36ub?refer_flag=1001030103_
生态系,中国金融没有系统性风险，因为中国的金融基本没有系统。中国的金融系统和其他发展中国家一样都是“青春少年”，还没有成熟的生态系统，没有完全的流动起来。中国有很多大银行更像是大江大河和血液的动脉，但是我们今天不需要动脉，需要水塘，需要小溪，小河，需要各种各样的高科技产品，缺少这些生态系统。#外滩金融峰会# 收起全文d,https://weibo.com/5605004473/JqGKPFaT4?refer_flag=1001030103_
生态系,#传递环保正能量# 你知道吗？每年有超过800万吨的塑料最终进入海洋，黄海渤海生态区是全球200佳生态区之一。欢迎@陈学冬 加入WWF公民科学家队伍，作为首位“WWF名人公民科学家”一起呼吁保护海洋#生物多样性# 。请与我们共同减少使用“一次性”塑料制品，关注可持续时尚，爱护黄渤海区域的生态系统！陈学冬超话 #陈学冬# #陈学冬原来是老师啊# LWWF世界自然基金会的微博视频 收起全文d,https://weibo.com/5270965851/Jqx2QBgZs?refer_flag=1001030103_
生态系,【台游《狩龙战纪》港澳服预计八月推出】Alta Multimedia 7月18日宣布，将取得台湾传奇网络新作《狩龙战纪》港澳区代理权，预计八月期间推出！《狩龙战纪》是一款不同于以往的魔法奇幻风格的在线游戏，玩家将前往原始的生态系，并化身为狩龙猎人，依靠着不同的武器与陷阱，和各种野兽、龙兽进行战斗。#第五人格# 2揭阳·牛仔酒吧(广达北路店) 收起全文d,https://weibo.com/6661087652/JquXkFSWK?refer_flag=1001030103_
生态系,外来物种的自引本来大多是为了丰富物种和经济用途，但是不论是我国还是全世界，入侵物种的存在和危害依然是个十分严峻的问题。外来入侵动植物对农田、园艺、草坪、森林、畜牧、水产等可带来直接经济危害。入侵物种能引起，直接减少物种数量，间接减少依赖于当地物种生存的物种的数量 ，改变当地生态系统和景观，生物多样性保护能力降低等问题，由于人们在利用外来生物资源方面，存在短视行为和功利主义，导致了一些外来物种频频成灾，防治又陷入劳民伤财的困境。 待这些物种泛滥成灾后，又千方百计要赶尽杀绝。这是一种不成熟的对待外来生物的态度，也是违背科学规律的。 化敌为友，以科学的态度利用 “弃之为害、用之为宝”，关键还在于合理开发与利用。 O对于那些比较珍贵的未来物种，你认为它是保护动物还是生物入侵? 收起全文d,https://weibo.com/5569506588/JqnpJkR7D?refer_flag=1001030103_
生态系,网称：烫怀孕母猫男子已被公司开除！人，应该有起码的慈悲心怀，对待弱者应该有关爱之心，往大了说就是悲天悯人的情怀。对待动物的态度从某种意义上反映了对待生命的态度，可以不喜欢，但是不能伤害。如果来深究原因，其实就是我们对生命意义的教育引导缺失，我们在对待动植物的时候更多地强调生态系统平衡，这也是站在人类或者说自己的利益角度来看待问题的，但是却忽略了它们本身也是生命，也需要我们去尊重、去平等相待。再换个角度来说，男子被猫抓伤，所以采取了烫猫这种方式来发泄，但是其本身就应该知道逗猫会造成一定的风险，自己做的事情产生的后果，自己不去反思、去承担，却找理由推卸或转嫁，这也是缺少担当、缺少理性、缺少自律的表现。 收起全文d,https://weibo.com/3216966581/Jqc1wuXnd?refer_flag=1001030103_
生态系,【狩取《龙玉》《狩龙战纪》7月17日发布消息】传奇网络于7月5日宣布，自己的新作《狩龙战纪》将于7月17日举行。《狩龙战纪》是与以往的魔法幻想不同的在线游戏，玩家将前往原始生态系，成为“狩猎龙猎人”，依靠各自的武器和陷阱，与各种各样的野兽和龙兽战斗，体验刺激性的狩猎活动。 2岳阳·河南南阳大酒店 收起全文d,https://weibo.com/6663055968/Jq9sI4EBj?refer_flag=1001030103_
技术,第一次来大理，这是一个适合发呆、放空、拍照的好城市 最后两张是李四🥚的作品，她在摄影技术这块好像开挂了,https://weibo.com/1732927460/JrADhcpn0?refer_flag=1001030103_
技术,【#境外组织策反河南一博士#】河南省平顶山市一家企业的技术人员刘欣，拥有博士学历，月工资万余元。2018年10月的一天，他突然收到一封境外“兼职”邮件，自此被境外某机构人员勾联上。随后对方以“高额报酬”为名，让其搜集我国内某家核电站的重要涉密资料。就在双方商定报酬，刘欣准备提供涉密资料的关键时刻，平顶山市国家安全机关及时介入，将刘欣抓获。（大河报）O境外组织策反河南一博士高工 L人民网的微博视频 收起全文d,https://weibo.com/2286908003/JrK1zu0Tz?refer_flag=1001030103_
技术,#范丞丞自驾录offer#今天网友爆料@范丞丞Adam0616 开车去某影视基地录《令人心动的offer》第二季，范丞丞自己开车、倒车、入库，感觉这个新手上路技术还不错的样子？听最后喊的“啊上班啦！”感觉录制心情不错啊 L新浪综艺的微博视频,https://weibo.com/1878335471/JrKu6zw1G?refer_flag=1001030103_
技术,#游泳#【自由泳】自由泳呼吸详细教程来啦，纠错练习！值得学习！赶紧改正才能提高技术呀～ L长腮的游泳者的微博视频,https://weibo.com/6063043159/JrN1pDqeP?refer_flag=1001030103_
技术,【暖心！#长沙公交司机自掏腰包给座椅装坐垫#】近日，湖南长沙116路一辆公交车座椅全部铺上了坐垫，这是公交司机钟稳固自掏腰包买的。钟师傅说，116路公交车线路长，老年乘客多，座椅硬，他就买了30几个坐垫，希望乘客能坐得舒服一点。此外，钟师傅还在内放置了《瓜类蔬菜无公害栽培技术》等书籍，供老年乘客们解闷。@中新视频 L中新视频的微博视频 收起全文d,https://weibo.com/6105713761/JrN1nBzWe?refer_flag=1001030103_
技术,最近忙里偷闲看了俩本书，一本是《日本蜡烛图交易技术分析》，书挺好但是有点道不同的感觉，一是只考虑纯k，不看量；二是书中例子多为t+0,超短线套利，跟A股的交易环境也不相符。所以看起来枯燥无味。另一本是《量价秘密》，惊叹，真是一本好书，感觉这本书把我近年来断断续续学的技术串了起来，更成体系化了，而且可以很好的在A股应用。强烈推荐！ 收起全文d,https://weibo.com/5423645681/JrN1enBwV?refer_flag=1001030103_
技术,#番剧视频大作战##网球王子#手冢输了，不过输的不是技术，而是属性克制！ L中二康复地的微博视频,https://weibo.com/6183821457/JrN17kmXG?refer_flag=1001030103_
技术,#PartyMonsters#是时候展现真正的技术了🎃,https://weibo.com/1675014164/JrN0XwYVz?refer_flag=1001030103_
技术,最近好多粉丝都在问@爱医美的少女酱 国内做吸脂的案例投稿。下面给大家整理了福建做吸脂哪里好？福建做大腿吸脂，福建做腰腹吸脂哪个医生好？技术好的医院？费用多少钱?福建做大腿抽脂哪里好？哪个医生好？福建做吸脂整形手术哪里好?福建做吸脂的医院医生哪里好？不懂得可以问哦#郑州吸脂/合肥吸脂/南京吸脂那个哪家哪里那些医院医生好？手术多少钱？福建吸脂哪家医院技术好价格多少？福建做吸脂哪里好，福建手臂吸脂哪家医院好，福建做吸脂最好的医生##福建医美整形医院医生推荐哪个专业？福建做吸脂医院哪家好？福建负压/超声波/射频/激光吸脂哪里好？福建吸脂价格费用多少？福建吸脂手术后多久恢复？做吸脂术后有什么注意事项？# 收起全文d,https://weibo.com/3607569514/JrN0Pl424?refer_flag=1001030103_
技术,#明道最好的遇见#🌺 #明道套路弓礼#🌺 【明道_百度百科】明道（Ming Dow），本名林朝章，1980年2月26日生于台湾省新北市，中国台湾影视男演员、流行乐歌手、节目主持人、制片人，毕业于崇右技术学院。2002年，... O网页链接,https://weibo.com/2710026735/JrN0M3WEA?refer_flag=1001030103_
技术,翻了下这几年万圣节画过的妆、欣赏自己日渐卓越的化（P）妆（图）技术,https://weibo.com/1903708093/JrN0e2Pr3?refer_flag=1001030103_
技术,我胆so big big舍友技术👍👍是完美的一天努力凑够九张,https://weibo.com/6525712482/JrN020nwM?refer_flag=1001030103_
技术,关于手机的选择(个人备忘方向-以下的描述随着技术更新迭代可能会有变化)一、大方向:选择主流品牌旗舰手机一般没问题。二、系统:iOS EMUI MIUI 前三好用。三、屏幕:AMOLED(OLED）1.调光方式: 如果是低频PWM调光。眼睛如果敏感的话，会不舒服。可以通过开启全程（类）DC调光解决。但是，不是所有的手机都会有开启选项。因为开启可能会导致颜色显示不准或者显示bug等等2.屏幕排列:钻石，类钻石排列的显示精细程度最好，不过，实际还是要看等效的PPI。LCD不用考虑以上两条。3.刷新率:60Hz到90Hz/120Hz提升的感觉最大。4.屏幕亮度:一般最高亮度610nit左右或者以上才能在强光下看清屏幕。5.色准。出厂有校色的一般会显示效果会很好。6.疏油层。现在一般手机屏幕都会有。7.其他。LCD的挖孔屏或者水滴屏的边缘可能会发暗。AMOLED(OLED）在一定条件下可能会可能会泛绿或者泛红。四、充电:一般33w，65w提升感觉最大。分别对应60分钟左右以及30分钟左右从0％充满。五、考虑生态。手机与蓝牙耳机、手表、平板、笔记本、家用电器等等的互通互联。六、售后。最好考虑所在城市有直营店。七、配件。贴膜，可以选择软膜，水凝膜等贴合度很好的膜，贴完后不会有白边。手机壳尽量选择pp壳。轻薄。磨砂质感。充电器、充电宝，尽量选择兼容更多充电协议的大品牌产品。八、具体参数和体验参考@大米评测 @小白测评微博和B站视频频道(体验)对应的微信公众号(详细数据)还有@科技美学 @钟文泽 @新评科技 @HotGuys频道 收起全文d,https://weibo.com/5374353987/JrMZNr19p?refer_flag=1001030103_
技术,周末蹭住蹭吃蹭喝行程圆满完成，感慨社恐终于跨出一步，感慨自己当时没转深户买不了房，感慨自己缺乏投资眼光，感慨男人真不是个省油的灯，内部管理也是个技术活，感慨白月光就是心里的白月光，你算个啥子东西。附盗图一张，记这么多感慨。 2深圳·南山区,https://weibo.com/6193129097/JrMZHvjg0?refer_flag=1001030103_
技术,来自@美学O型腿矫正 的案例分享：最近常问：沈阳做微创OX型腿脂肪填充手术和脂肪移植治疗X型腿哪个医院医生技术精湛，怎么收费？沈阳矫正腿弯不直哪家医院医生好？沈阳矫正X型腿不直哪家医院医生好？北京东方和谐医院怎么收费？技术如何?都可以问上面那个博主哦#沈阳O型腿矫正##沈阳吸脂#小仙女说她最近一直在关注直腿术这个项目，是因为她有腿部是弯的，两条腿腿围相差4CM，妹子实在是太想改变自己这个腿型了，因为觉得这个腿型太影响自己的气质了，于是妹子决定来做脂肪移植改善不对称腿，等到恢复期之后，不仅腿直了还细了，简直就是腿模啊 收起全文d,https://weibo.com/6433404844/JrMZChNsj?refer_flag=1001030103_
技术,#每日一拍# 50M20D 周末外食早餐双人组…秋高气爽打卡长风公园，人生中第一次吃镜糖，转了个大公鸡。拍照技术有待培养~公园门口有崇明桔子买了五斤，有个小朋友一路上偷偷用手抠啊抠~,https://weibo.com/5823159357/JrMZApO2C?refer_flag=1001030103_
技术,#深圳交警一线# 【练家子】10月31日16时20分许，交警光明大队公明中队铁骑队员巡逻至合水口时，发现一辆小车停在路边打警示灯。经了解，该车辆右前轮爆胎了，导致无法继续行驶，为此束手无策，心急如焚。铁骑队员得知情况后，立即提醒车主做好安全防范措施，并利用娴熟的技术和路面应急处理经验，主动帮助车主以最快的速度更换好备胎。 收起全文d,https://weibo.com/1792702427/JrMZuzzyc?refer_flag=1001030103_
技术,还是没忍住截出来了真的在心里暗骂狗男人 撩人还这么讲技术含量干嘛,https://weibo.com/2038312594/JrMXi1wnG?refer_flag=1001030103_
技术,赌王家族最有远见的一房，太有远见了……湖南卫视双11开幕盛典——奚梦瑶何猷君对唱（对嘴）周杰伦的Mojito～终于知道富二代为什么爱娶女明星了吧～～对对嘴，妞妞腰，（连一个托举都举不起来[捂脸]，这应该是全场晚会表演嘉宾里最没有技术含量的一组吧！），就可以拿下丰厚的报酬了，又不用像投资那样承担风险！毕竟现在受疫情影响，其他房生意都受到了影响，唯独有远见的四房依然赚得盆满钵满。这样下去，四房的资产会超过其他三房吗？ 收起全文d,https://weibo.com/2652827175/JrMR4sFZ3?refer_flag=1001030103_
技术,和宝贝吃完海底捞之后就正式开始末段冲刺了，干就完事了，希望能有个好结局，不论是考试还是和她，（啥时候拍照技术能有长进呢，拍谁都能把人家拍丑了，徕卡四摄在我这也赛不了神仙啊，华为又骗我）,https://weibo.com/6740758568/JrMZbBAhV?refer_flag=1001030103_
技术,#华为余承东回应美国三轮制裁#【起底制裁中国科技企业的幕后黑手】#美商务部TikTok技术交易禁令暂缓执行# 5年前，扎克伯格告诉中国的年轻人“你们可以用互联网影响全球”，5年后， 扎克伯格在美国国会变脸抹黑中国科技企业。从中兴到华为、微信，美国科技制裁套路不断上演，打压中国企业出海的幕后黑手竟然是同一群人？#华为余承东回应美国三轮制裁# (@玉渊潭天)L玉渊谭天的微博视频 收起全文d,https://weibo.com/1721484135/JrMZ3CPN7?refer_flag=1001030103_
技术,【华大九天郭继旺：三大举措开拓国产EDA创新之路】郭继旺指出，从研发资金、研发人员数量/质量、产品技术完整度、市场销售额来看，中美EDA资源存在巨大差距。因此，国产EDA需要发挥新型举国体制的优势，通过开源平台聚集国内外优势资源，吸引全球高端人才参与国产EDA建设，解决制约产业发展的技术、资金、人才等核心问题O华大九天郭继旺：三大举措开拓国产EDA创新之路 收起全文d,https://weibo.com/1862172703/JrMZ3pD26?refer_flag=1001030103_
生态系统,#马云真敢讲#今天，马云在上海#外滩金融峰会#发言直指：不是欧美的就先进，中国应该与未来接轨。中国的金融业还是青少年，缺少成熟的金融生态系统。大银行是大江大河，但还需要湖泊、需要水塘，需要小溪小河。我们发展金融不应以欧美为模板填补空白，而应该结合自身坚持创新，发展出一个健康的金融生态。（马云演讲完整视频）L都市时报的微博视频 收起全文d,https://weibo.com/1644114654/JqGrVFqA6?refer_flag=1001030103_
生态系统,【#小兴安岭首次找到东北虎吃熊证据#】近日，小兴安岭太平沟自然保护区的工作人员发现，此前#配合科研实验的黑熊遭东北虎猎杀#。工作人员沿着熊被拖拽的痕迹，发现了熊虎打斗的现场。动物专家认为，近年来太平沟林区的熊类种群，一直呈现增长趋势，如果能够迎来天敌，适当调节它们的数量，林区生态系统将自我调整到一个新的平衡状态。看↓ L央视新闻的微博视频 收起全文d,https://weibo.com/2656274875/Jr7rI8kHk?refer_flag=1001030103_
生态系统,#黄河三角洲湿地景观神奇独特#【“长龙”卧波黄河口】黄河在山东东营汇入渤海，黄蓝交汇，造就了壮美的世界奇观，而且，黄河裹挟着高原的厚土，在此积淀成洲，年复一年，沧海变桑田。著名的山东黄河三角洲国家级自然保护区，有着中国最完整、最广阔、最丰富的湿地生态系统，并且这里的沿海湿地景观神奇而独特，它们经过海水、河水和雨水冲刷与滋润，经过大自然的造化，形成了各种图案，有的像大树，枝叶繁茂，红中带绿，绿中带红；有的如大鹏展翅，扶摇直上；有的似腾飞的巨龙，体态矫健，龙爪雄劲，好像随时准备奔向大海。 L新华网的微博视频 收起全文d,https://weibo.com/2810373291/JpUw4tP8w?refer_flag=1001030103_
生态系统,【#澳大利亚科学家发现500米高珊瑚礁#】近年来，澳大利亚大堡礁一直面临生态危机，不过澳大利亚科学家近日公布了一个好消息，他们在东北海岸发现了一座高约500米的珊瑚礁，是当地120多年来首次发现这种规模的独立珊瑚礁，并且仍在健康的生态系统中蓬勃生长。科学家将对其展开进一步研究。 L央视网的微博视频 收起全文d,https://weibo.com/2557736524/JrMZ9AOao?refer_flag=1001030103_
生态系统,【绿水青山也能“定价”？GEP了解一下！】GEP(生态系统生产总值)不仅关系到咱的钱袋子，还与生态环境息息相关。要让GEP核算进规划、入考核，以GEP核算为依据，指导各地编制好“十四五”区域绿色发展战略规划，还要让GEP核算进决策、入项目，把其引入到生态优先、绿色发展的政策体系中↓ L经济日报的微博视频 @经济日报 收起全文d,https://weibo.com/3354394424/JrJMcwgN1?refer_flag=1001030103_
生态系统,爆米花学堂🍿#爆米花学堂 每日一练#今天的高中题来啦[米奇比心]生态系统的物质循环包括碳循环和氮循环等过程。下列有关碳循环的叙述，错误的是 错误的是,https://weibo.com/7436225109/JrJPyA2T9?refer_flag=1001030103_
生态系统,奇妙的联动增加了 黄龙以钙华池奇景闻名，但鲜为人知的是，由于其相对封闭的地理环境，使得黄龙成为了拥有丰富动植物资源和冰川资源的天然宝库。感谢中国国家地理专家、中科院植物所孙海芹老师的专业解读。,https://weibo.com/1222135407/JrLrLlACB?refer_flag=1001030103_
生态系统,沈逸老师退博了更讨厌饭圈及其生态系统更讨厌不经大脑思考骂爹骂娘的低智能的粉丝,https://weibo.com/5947255222/JrMPeCiZW?refer_flag=1001030103_
生态系统,环境保护当前，北极面临的最大问题是生态环境问题。北极以一个冰冷的地方，从无人问津到如今引起全球的关注。北极有着丰富的自然资源和及其重要的战略地位，北极区域生态环境级变化对全球有很大的影响，包括北极地区碳循环和海洋生态环境系统所遭遇的变化，北极地区脆弱的生态环境系统之保护问题应当引起关注，北极生态环境保护的法律亟待完善，这对于全球都是一个亟须重视的问题，也是迫在眉睫的。 收起全文d,https://weibo.com/6468273170/JrMLUncuw?refer_flag=1001030103_
生态系统,我觉得这世界上99%的人类不明白一个道理：假如人类这一刻全部灭亡，地球照样转。假如昆虫灭绝只要一半，生态系统完全崩塌，地球开启新纪元。,https://weibo.com/1767058121/JrMdU4kUE?refer_flag=1001030103_
生态系统,原神 #原神# #从驻足到远行#《原神》「从驻足到远行」景区联动纪录片-黄龙篇作为国内唯一保护完好的高原湿地，黄龙复杂多样的生态系统为我们提供了非常好的参考；神秘瑰丽的五彩池，也成为璃月「渌华池」的原型。未来，我们也将继续完善《原神》富有生命力的生态环境，希望在提升玩家开放世界体验的同时，也能激发大家亲自去感受自然、保护自然的心情。关注@原神 并转发@ 一位好友，我们将通过@微博抽奖平台 随机抽选10位旅行者赠送【安柏抱枕】1份。本次活动将于11月14日14点开奖 ，请关注官方消息。 L原神的微博视频 收起全文d,https://weibo.com/6593199887/JrL1H0aKv?refer_flag=1001030103_
生态系统,10月30日，江西省生态环境系统新闻发言人培训班拉开序幕。,https://weibo.com/3172298770/JrMnYtXk1?refer_flag=1001030103_
生态系统,币安开放平台计划体现了共享资源与技术的意愿，提供多维度、多层面的开放计划，涉及整个币安生态系统甚至更广的领域，包括技术、战略、社区、应用等。由此赋能其它行业参与者，使他们能够在币安的基础设施和生态系统上打造自己的项目，共同推进这个行业发展，为全球加密资产发展计划生态系统作贡献。,https://weibo.com/7512704985/JrMf9eYfx?refer_flag=1001030103_
生态系统,图书公司同事做本书跟我说想用生态系统的几个图，其实我个人来说，我觉着十年前的图了，本想让它封存起来就算了。这些图当时都是杂志赶档期赶，做得很不充分。另外这些年里，我自身的认知和技术也有改变（除了体力下降），所以……但我又没时间精力重新弄了。我要求给点时间加工下再用，要不实在是难为情。当时时间技术是问题，后期电分又损失了不少。周末加班把图修一下。电脑修，快点，但实际想达到效果，一样不省多少时间，只是修改方便。雨林这图刚修了两个局部的局部，我觉着大众一眼就会看出天壤之别不过这几个图弄下来也得些日子不过说个悲观的吧，我还能活几天啊为了读者能看到更好的效果，再奉献下吧 收起全文d,https://weibo.com/1825129621/JrITt8OWO?refer_flag=1001030103_
生态系统,其实，比特币的问题就是两个：能不能与愿不愿。根据普林斯顿大学的论文，政府可以有N种办法干涉，控制，甚至破坏比特币的生态系统，从GFW到人身控制。技术派可以去读那篇论文，直接反驳。至于愿不愿，也可以认为政府不会，不愿干涉。,https://weibo.com/2588011444/JrL1hehs2?refer_flag=1001030103_
生态系统,【市生态环境局传达学习贯彻党的十九届五中全会和全市党员负责干部会议精神】10月30日下午，市生态环境局召开局系统党政干部负责会议，传达学习党的十九届五中全会和全市党员负责干部会议精神，对认真做好学习宣传贯彻进行安排部署。局领导班子全体成员、机关各处室负责人、直属单位党政主要负责人参加会议。 O市生态环境局传达学习贯彻十九届五中全会和全市党员负责干部会议精神 收起全文d,https://weibo.com/1787537264/JrMaBfrCf?refer_flag=1001030103_
生态系统,【用好生态系统生产总值核算这个标尺】,https://weibo.com/3548442991/JrM6T9KnP?refer_flag=1001030103_
生态系统,【TED教育：如果再增加一万亿棵树怎么办？（英文字幕）】#TED##知识#树木如何帮助应对气候变化？ 努力重建受损的生态系统并减少碳排放。-今天，人类每分钟生产超过1400吨的碳。 为了应对气候变化，我们需要减少化石燃料的排放，并减少过量的二氧化碳以恢复温室气体的平衡。 像所有植物一样，树木通过光合作用消耗大气中的碳。 那么树木可以在这场战斗中起到什么作用？ 让·弗朗索瓦·巴斯汀（Jean-FrançoisBastin）致力于恢复枯竭的生态系统的努力。 L英国学霸君的微博视频 收起全文d,https://weibo.com/6170427997/JrBr5F9Gu?refer_flag=1001030103_
生态系统,#室内设计# #遇见艺术#灵感说 | 城市生态系统：多种物种的垂直栖息地。内部空间可以适合多种物种在垂直城市生态系统中的共同栖息。 人类和城市野生动植物将成为复杂生态系统的一部分，并逐渐依靠彼此的相互作用，来重新构想一种新型的城市同居形式，并创造出新的交织的城市生活方式。by: Aoqian Wu (MFA'20)ins：prattinteriors#普瑞特艺术学院# #pratt# 收起全文d,https://weibo.com/6004414133/JrM2f0cpW?refer_flag=1001030103_
生态系统,【用好生态系统生产总值核算这个标尺】GEP是生态系统生产总值的简称，它与GDP之间既相互联系又有所差异。人们对GEP关注度高，不仅因为它关系到我们的钱袋子，还与我们赖以生存的生态环境息息相关，影响着我们的获得感、幸福感、安全感。一方面，要让GEP核算进规划、入考核，以GEP核算为依据，指导各地编制好“十四五”区域绿色发展战略规划；另一方面，要让GEP核算进决策、入项目，把GEP核算引入到生态优先、绿色发展的政策体系中。（经济日报） 收起全文d,https://weibo.com/3600956903/JrM1I9WVf?refer_flag=1001030103_
生态系统,我在#森林驿站# 为『给丹顶鹤宝宝一个家』捐助了5颗爱心！和#熊猫守护者#一起刷微博，攒能量，收获爱心，共同助力野生动物的生态系统保护，实现区域内人与野生动物的和谐共存吧！O熊猫守护者,https://weibo.com/3729676303/JrLvcF4om?refer_flag=1001030103_
生态系统,发布了头条文章：《聊城市生态环境局举办全市生态环境系统“环保故事听我说”故事会》 O聊城市生态环境局举办全市生态环境系统“环保故事听我说”故事会,https://weibo.com/3315736667/JrLbnlWVK?refer_flag=1001030103_
生态系统,NASA锐参考 | 还记得NASA那张说中国让地球变得更绿的照片吗？这事儿有后续了⬇️还记得去年美国国家航空航天局（NASA）曾发布的那张“中国让地球变得更绿”的照片吗？如今，这事儿又有后续了。29日，一篇发表在《自然》杂志、关于中国陆地生态系统碳汇能力的学术文章引发媒体关注。初看上去，这篇文章略显得有些难懂，光标题可能就难住了很多人：《从大气温室气体浓度估算出中国陆地碳汇量巨大》。首先来解释一下什么是碳汇。通俗而言，可理解为碳吸收，具体指通过植树造林等措施，利用植物光合作用吸收大气中的二氧化碳，并将其固定在植被和土壤中，从而减少温室气体在大气中的浓度的过程。众所周知，中国近些年来在植树造林、森林恢复方面下了很大功夫，也颇有建树，那么这些成果对中国大气温室气体浓度是否有所作用？《自然》杂志文章所回答的正是这一问题。研究结果表明，2010-2016年，中国陆地生态系统年均吸收约11.1亿吨碳，吸收了同时期人为碳排放的45%。简言之，至少近六年来，中国人为排放二氧化碳总量的近一半，都被我们所种植、培育的森林吸收掉了。据文章指出，其中发挥主要作用的是中国重要林区，尤其是西南地区和东北地区的新种植森林。这无疑是个利好消息。而好消息，自然也会被外国媒体所注意。英国广播公司（BBC）敏锐指出，这项研究表明，上述中国两个地区森林吸收二氧化碳的规模“被严重低估”。BBC没有夸大其词，因为正是在中科院大气物理研究所刘毅教授带领研究团队对海量观测数据的追踪、计算和论证中，中国陆地系统“被严重低估的碳汇能力”才最终被看见。用文章合著者、英国爱丁堡大学的保罗·帕尔默（Paul Palmer）教授的话说，中国森林碳汇规模大到“可能让人惊讶”，但他同时指出，空间和实地测量数据之间的“良好一致性”可以消除外界的惊讶和疑虑。他用“稳健”一词形容这项对中国碳汇能力至关重要的研究。28日，中科院大气物理所在其官网提前公布了《自然》杂志将发表这项研究的消息，并明确指出：这一研究将为我国“碳中和”核算和国际谈判提供有力的科学依据。很显然，对中国而言，作为一直以来被公认 “全球碳排放量最大国家”，一旦所排放二氧化碳的近一半能够被日益茂盛的森林所直接吸收，那么这么多年来围绕碳排放等气候议题而形成的话语场无疑将发生深远变化。可以说，这是对中国森林碳汇能力的一次“正名”，同时也是对国际社会长期以来借中国碳排放量说事儿的一次有力回击。而有了这些数据的支撑，无论是在曾被发达国家占据主场的气候谈判中，还是对未来中国承诺的践行中，中国的底气和信心都会更足——今年9月的联合国大会上，中国领导人作出郑重承诺：中国将提高国家自主贡献力度，采取更加有力的政策和措施，二氧化碳排放力争于2030年前达到峰值，努力争取2060年前实现碳中和。那么，又是什么导向了中国陆地系统碳汇能力“被看见”这一结果呢？对此，《自然》杂志文章和BBC报道都给出了清晰答案。“这是中国近40年来对恢复天然森林植被、加强人工林培育的巨大投入取得的成果。”“一段时间以来，中国森林的日益茂盛显而易见。近几十年来，数十亿棵树被种下，以解决荒漠化和土壤流失，并建立充满活力的木材和造纸工业。”而在对多篇资料的复盘中，小锐也发现了一个意外亮点——去年，NASA曾公布一张卫星照片显示中国等国的努力正在让地球变得更加绿色，引发世界网友一波集体感谢中国的热潮（点击阅读相关报道），而今天《自然》杂志上发表的这项新研究，则为NASA照片增添了更有力且更进一步的科学支撑。微信编辑 | 许海婷微信审核 | 姜涛 收起全文d,https://weibo.com/5056782698/JrL9fj5gx?refer_flag=1001030103_
区域,【最新消息！#丢奖章的爷爷获赠一枚新奖章# 】10月24日下午，92岁老人刘廷珠在颐和园北宫门区域遗失一枚“抗美援朝70周年纪念章”。经过本报牵线，北京退役军人事务局主动赠送了一枚新奖章。今晚10点，老人在位于西二旗的家中收到了新奖章。据了解，老人丢失奖章后心情十分低落，晚上也睡不好觉。拿到新奖章，刘廷珠和家属非常兴奋，“老爷子真的太高兴了，你们送的不是奖章，是老爷子的长寿。”北京市退役军人事务局思想政治和权益维护处副处长金刚介绍：“虽然老人是黑龙江户籍，奖章也是黑龙江发放的，但是既然来了北京，就是我们的服务对象。国家在发放奖章的时候也考虑得非常周到，都有几枚富余的奖章，我们就拿出一枚送给老人。如果公园方找到了丢失的奖章，再将奖章还回即可。”如果有市民或游客在颐和园发现纪念章，请与颐和园管理处联系。#92岁老兵抗美援朝纪念章遗失颐和园# 。（@北京晚报 记者叶晓彦 程功） 收起全文d,https://weibo.com/1703371307/JqRVYzy3c?refer_flag=1001030103_
区域,【前三季度#25省份经济增速由负转正# #经济总量广东第一# #中国成为首个实现正增长的主要经济体#】今年前三季度，中国成为全球首个实现正增长的主要经济体，“由负转正”同样成为前三季度中国区域经济的关键词。截至目前，31个省份陆续公布了前三季度经济运行情况。从经济总量看，前三季度，广东以7.84万亿居于首位，江苏紧随其后为7.38万亿，山东则是5.22万亿居于第三。据统计，有13个省份的地区生产总值在前三季度超过了2万亿。 从经济增速看，恢复的态势更加明显。前三季度实现经济正增长的省份达到25个。在实现正增长的省份中，22个省份经济增速跑赢全国，其中贵州、江苏、湖南等15个省份经济增速在2%及以上。 L央视财经的微博视频 收起全文d,https://weibo.com/2258727970/JrIEEpoi1?refer_flag=1001030103_
区域,【无限温柔！#女童手卡塑料筐消防员暖心安慰#】10月29日，江西南昌洪都消防救援站接警称，一名小女孩手指被卡塑料筐，之前试过涂抹油和肥皂，但都没有效果。消防员拿来小锯条尝试将女孩手指被卡区域塑料锯断，另一名消防员则化身“爸爸”抱住女孩，温柔地安慰她。经大约五分钟处置后，女孩手指被成功取出，并无大碍。@时间视频 L时间视频的微博视频 收起全文d,https://weibo.com/2810373291/JrLM0ev6P?refer_flag=1001030103_
区域,我最近自我感觉特别走运，来offer，还有各种东西就到我这要么没地儿了要么打烊了要么没货了要么开始排队等位。今天去故园分享会，没椅子了，站着好多人。 我刚站了半分钟，工作人员搬进来把椅子就放我旁边。我问能坐吗，工作人员说可以。于是在站着的区域就我一个人坐着。抽奖环节我没买书没参与，但我想最近这么锦鲤附体该不会是我周围人中了吧，嘿，还真是前面的姑娘中奖了。看到故园就很开心，也没执意排签名，随便逛，刚出钟书阁碰到了要走的史航老师，遂激情合影。我就不去买彩票了，给其他人一个暴富的机会，我来把好运气多多散播给我的神仙沙雕朋友们哈哈哈哈哈 收起全文d,https://weibo.com/1831144655/JrMZY5qkA?refer_flag=1001030103_
区域,每次看到自己害怕的东西都会立马躲在我身后 又要好奇的探出一个小脑袋 在他的安全区域内观察着未知,https://weibo.com/1731923314/JrMZVbrlv?refer_flag=1001030103_
区域,亚洲国家一体化将是15年后中最重要的功课，这是一个举世骇惊的伟大工程，中迟早要建立一个比欧盟更高级的区域经济组织，这样的雄心壮志将是为未来一统天下奠定区域准备。,https://weibo.com/3082843715/JrMZM2Zdu?refer_flag=1001030103_
区域,#今天也是忙碌的一天今天早晨一睁眼就是急急忙忙的一天，出门的时候竟然忘记了穿外套，一整天的论坛满满当当，下午还参加了区域国别学术报告研讨，大咖级别的论坛，不失风趣的介绍者，不仅拓宽了视野，也懂得了外语人身上肩负的责任与使命，思想和身体都“饱餐一顿”。晚上回来赶着看文献，做总结，准备明天上课用的材料。准备迎接新的一周吧。 收起全文d,https://weibo.com/5314298273/JrMZKguSU?refer_flag=1001030103_
区域,啊啊啊！我的休息被区域大会给破坏了，我太难了,https://weibo.com/3898534183/JrMZitOCD?refer_flag=1001030103_
区域,【#郁亮称房企金融土地红利时代已经结束#，未来要靠管理服务】10月31日在万科华东区域媒体会上，万科集团董事会主席郁亮表示，房地产行业金融土地红利结束了，未来要靠管理服务要适应变化。以前是增量时代，现在是存量时代，要有增有减。 L老板联播的微博视频,https://weibo.com/1974561081/JrMCMxks4?refer_flag=1001030103_
区域,【故宫手绘全图日更——Day 168】故宫内廷外西路慈宁宫、寿康宫区域全部调整完成，香炉、月晷、水缸、柱头栏杆、地面等后期统一添加修饰。这一部分画得很慢，主要是头所殿到三所殿以及东宫殿到西宫殿资料较难查找。好在经过一番努力，最终还是把原建筑细节都一一展现在纸面上了~,https://weibo.com/1550255833/JrMZcfo1f?refer_flag=1001030103_
区域,【港口型国家物流枢纽已达到16家 基本覆盖我国沿海港口五大区域和长江流域港口】近日，国家发展改革委发布消息，国家发展改革委、交通运输部联合印发《关于做好2020年国家物流枢纽建设工作的通知》（发改经贸﹝2020﹞1607号，以下简称《通知》），共有22个物流枢纽入选2020年国家物流枢纽建设名单。其中港口型的物流枢纽有7家，加上2019年已经发布的港口型物流枢纽名单，港口型国家物流枢纽已达到16家，基本覆盖我国沿海港口五大区域和长江流域港口。 收起全文d,https://weibo.com/2359441912/JrLrTwoGW?refer_flag=1001030103_
区域,【三亚试驾吉利博瑞ePro，油电同价还送绿牌，省着开不如开着省】从11.2号开始上海外环线内高架区域，外牌限制时间改成工作日7:00-20:00，相信不少朋友在筹备拍牌，甚至准备换新能源能送绿牌的车现阶段除非家里有车位能装充电桩或者公司附近充电便捷，否则电动车依旧没有燃油车加油那么方便但是还有一类混动车型，既能加油还能充电，关键送绿牌。不过价格参差不齐，但是吉利算是少有能做到燃油车和混动车价格一样的车企，再送你一块绿色沪牌，你们觉得性价比怎么样呢 #每日一条vlog# #我生活里的一分钟# L一朵马力的微博视频 收起全文d,https://weibo.com/1806606112/JrML1sOyZ?refer_flag=1001030103_
区域,不知道哈喽单车在干嘛 一共骑了九分钟就说出了区域让我多给20块钱拖车钱 结果我下楼去找车准备骑回去还被人偷走了 有病,https://weibo.com/2023832435/JrMYW2Au4?refer_flag=1001030103_
区域,【重磅发布！转正！31省份前三季度经济“成绩单”出炉！经济总量前三名是】今年前三季度，中国成为全球首个实现正增长的主要经济体，同样成为前三季度中国区域经济的关键词。截至目前，31个省份陆续公布了前三季度经济运行情况，各地经济“成绩单”表现如何？详见：O重磅发布！转正！31省份前三季度经济“成绩单”出炉！经济总量前三名是→,https://weibo.com/1651428902/JrMVznbFn?refer_flag=1001030103_
区域,未来三天（11月1日-3日），#全国空气质量预报# 未来三天（10月31日-11月2日），扩散条件一般，全国空气质量大部以良至轻度污染为主，东北辽宁局地、华北中南部、华东中北部、华南区域湖南和珠三角局地可能出现中度污染，首要污染物以PM2.5和PM10为主。,https://weibo.com/6387480100/JrMYG0Obp?refer_flag=1001030103_
区域,亚美尼亚声称是阿塞拜疆方面在纳卡使用白磷燃烧弹的画面，虽然场面非常的漂亮，但是被覆盖的区域注定会成为地狱。 L电波震长空XYY的微博视频,https://weibo.com/1896058141/JrMDe1iec?refer_flag=1001030103_
区域,【绿水青山也能“定价”？GEP了解一下！】GEP(生态系统生产总值)不仅关系到咱的钱袋子，还与生态环境息息相关。要让GEP核算进规划、入考核，以GEP核算为依据，指导各地编制好“十四五”区域绿色发展战略规划，还要让GEP核算进决策、入项目，把其引入到生态优先、绿色发展的政策体系中↓ L经济日报的微博视频 @经济日报 收起全文d,https://weibo.com/3354394424/JrJMcwgN1?refer_flag=1001030103_
区域,国庆那一会儿就是在这片区域骑着电动接你我们一起吃饭🥓🥘然后乖乖地各自回校上课十一月请让我们rich💸一点 2呼和浩特,https://weibo.com/3686970797/JrMXSFQYF?refer_flag=1001030103_
区域,#阿里华中区域总部落地徐东# 11月2日开工，小伙伴们期待吗？,https://weibo.com/5577894982/JrMXPqVWk?refer_flag=1001030103_
区域,#数码#【微软新技术！让你的Windows 10电脑变成“触摸屏”】微软近日申请了一项新的专利技术，可以为你现有的电脑带来“触摸屏”。微软的这一专利能让Windows系统将来自触控板的输入视为触摸输入。举例来说，使用笔记本的触摸板或类似硬件，你可以在Windows 10系统的某个焦点区域进行触摸操作。,https://weibo.com/7389268113/JrMXBeVbi?refer_flag=1001030103_
区域,在宿舍公共区域到处乱放私人物品结果还吐槽宿舍好小真的好好笑,https://weibo.com/6600885440/JrMXkFRx9?refer_flag=1001030103_
区域,#上新了故宫# 真真真是太羡慕邓伦了，能在600岁的紫荆城里自由漫步，在未开放的区域探索故宫的秘密~每一季每一集都反复看，从以前的2倍速改看0.5倍速，故宫真真太美了，每一帧都是壁纸我太太太爱故宫了@邓伦,https://weibo.com/1744507312/JrMX4u9dR?refer_flag=1001030103_
区域,【效率低可能是方法没找对！速转这套康奈尔笔记法】①把笔记本每页都分成3个区域，每个区域都有特定用途；②在页面顶部写上课程名、日期、课程主题/书名等；③在右侧区域记笔记；④把联想到的问题写在左侧区域；⑤把总结写在页面最底部那一栏；⑥时常复习笔记。详戳↓↓考研、国考都用得上！ #今年法考报名人数创历史新高# 收起全文d,https://weibo.com/2017296983/JrMWJs0NK?refer_flag=1001030103_
